"Station","Cell","Segmentation","Species","Volume","Na:P","Mg:P","Si:P","Mn:P","Fe:P","Cu:P","Zn:P"
"S1","Cell1","Manual",3,1570.796327,7.31038568178102,0.679753446254844,444.159653515834,0.00362034567263739,0.0325262634592609,0.00321782651635553,0.109357642085479
"S1","Cell2","Manual",2,4036.94656,1.02449931825531,0.213749754677379,14.3609409299432,0.000270688386714922,0.00405642441499976,0.000221950278154938,0.0191845999053264
"S1","Cell3","Manual",5,981.7477042,1.92845376145606,0.0889271966138325,28.9708523192939,0.00296589880416434,0.0345681858127958,0.00151071338349763,0.00719870943115324
"S1","Cell4","Manual",4,6848.671985,16.6176731160977,3.10198664528224,966.546771384264,0.00151319264865992,0.0308364680590863,0.00209041303340068,0.198065618620411
"S1","Cell5","Manual",4,6660.176426,2.08360904280821,0.546458929122285,96.9988493221023,0.000170053921287385,0.00178231501558762,0.000508548298142357,0.0117711111267672
"S1","Cell6","Manual",4,8105.309046,2.13854603245917,0.540810952031771,285.490691481371,0.000604371581436743,0.00553993800279473,0.0014946745951274,0.0210917775703055
"S1","Cell7","Manual",5,1570.796327,1.56236818742812,0.721037385517525,257.981324885807,0.00186136936556713,0.0323112563094133,0.00140736820218971,0.0706282604705496
"S1","Cell8","Manual",2,3298.672286,1.31627146621434,0.64154724239727,566.043997854578,0.00192887549150835,0.0318197343776042,0.00382128969175714,0.0403616560899107
"S1","Cell9","Manual",4,5975.309227,3.23467780851484,0.554408795336088,105.859929086203,0.00029090940313886,0.0214277944902985,0.0015338943402956,0.0295477187845703
"S1","Cell10","Manual",4,5529.20307,11.5928373721943,1.67327317349097,757.699761160677,0.00360516452359311,0.0290913459176131,0.00129395495168858,0.110416664426368
"S1","Cell11","Manual",4,7103.926388,1.38327542020161,0.907047543945924,613.37975686661,0.00135159767527652,0.0181531349500794,0.000906198669025153,0.0389044341138844
"S1","Cell12","Manual",3,2945.243113,2.14190149709012,0.170393152535081,182.842816265813,0.00409139093399219,0.0401114331549068,0.00117896097119999,0.0261588489214287
"S1","Cell13","Manual",3,9220.574438,2.14181062062975,1.2620370993944,598.980649036382,0.00120909695489499,0.0203903447630646,0.00139724202979886,0.0647336322511367
"S1","Cell14","Manual",4,6027.145506,4.13057031190961,0.933857573060469,767.353861428866,0.00276043778837652,0.0363471375245942,0.00174203259677437,0.119344678823033
"S1","Cell15","Manual",5,3518.583772,4.25576262578185,0.592386623152872,897.437695038282,0.00341888221449057,0.0993453597863452,0.000724367007622192,0.0633319046621088
"S1","Cell16","Manual",4,3405.486436,3.07212087509535,0.715093530708641,221.302394014042,0.000314462334148565,0.00682055995438274,0.000831235593042396,0.0390244204119222
"S1","Cell18","Manual",5,3769.911184,3.77355041705174,0.670091977585479,968.062160956715,0.00496829846324596,0.0477298025773065,0.00245785435830547,0.0538969417007651
"S1","Cell19","Manual",4,14753.7045,1.66019083326721,0.326729805624101,617.627372252767,0.00242301076321275,0.0227942680438435,0.000760525682123778,0.0585293124827585
"S1","Cell20","Manual",3,1099.557429,3.06642336783786,1.24481495031372,372.532593801138,0.00131942404829917,0.0223305216120103,0.000642266901722351,0.0984929151307403
"S1","Cell21","Manual",4,13336.06081,2.12326597091366,0.822240265881489,303.192398488608,0.00190828130366599,0.028743634726581,0.0018946307752327,0.0807455312182003
"S1","Cell22","Manual",4,5050.110191,0.61116847605852,0.179702094660713,69.6095370702085,0.000347251712366741,0.00614377639009343,0.00100845547470114,0.0247090566510796
"S1","Cell23","Manual",4,3716.504109,0.479854979240612,0.464104606693775,157.527855841134,0.000475252559958415,0.0239632782020917,0.0010994510537023,0.0214904113665412
"S1","Cell24","Manual",4,10924.88845,1.89781406125469,0.177458089459583,174.28327633306,0.00278536575780096,0.0443891831960253,0.00132626959443745,0.0135736513991742
"S1","Cell25","Manual",1,5658.008369,1.90741102330746,0.585204543739034,372.287329099114,0.00126146185189183,0.0134820012496256,0.000457645507486451,0.0212811070306605
"S1","Cell26","Manual",4,11953.76005,0.72480298501273,0.191715475921156,20.1300084167094,0.000360346570702787,0.00326561043816478,0.000326834751192821,0.0140810499550329
"S1","Cell27","Manual",5,494.8008429,4.51651192613081,0.651672778170432,546.431654003243,0.00375202083148809,0.0484939851132198,0.00421769089545442,0.0814651539073504
"S1","Cell28","Manual",1,5965.099051,6.03525577524548,0.409691291343522,527.102751070995,0.00226697723582116,0.0305212291635837,0.000693700205704952,0.113797938333229
"S2","Cell1","Manual",4,8922.123136,7.11667960749915,1.9419857399792,151.04100837112,0.000283181425389501,0.0180048267844298,0.000556733067656955,0.0265724644511074
"S2","Cell2","Manual",4,6770.132168,3.94527168578247,1.34205745945865,148.964162365214,0.000539597120633682,0.00441665147489732,0.000822990595683964,0.0229134522851503
"S2","Cell3","Manual",4,14137.16694,10.1367799929623,2.03991057231858,209.593635246146,0.000500692417810277,0.00455960029725027,0.000805197693767649,0.0435193255219164
"S2","Cell5","Manual",4,6708.085714,3.69845576546715,1.86151828727585,106.809789662188,0.000108523466422166,0.000897323463172847,0.000491373055068528,0.0171134924956053
"S2","Cell6","Manual",5,753.9822369,3.5229165886616,0.6295950056674,463.787595096249,0.00459082560329514,0.047710744510641,0.0034570967676744,0.0442023740417353
"S2","Cell7","Manual",4,8796.45943,2.11680257072455,0.902848225326969,104.694054231429,0.000136414172574412,0.00176480719392954,0.000562555053229661,0.0178890940977862
"S2","Cell8","Manual",5,816.8140899,7.80952499610641,0.711242519525331,33.4331950966474,0.00798246158257311,0.0431672214088051,0.00203955578339507,0.0324220408010488
"S2","Cell9","Manual",4,12792.56529,7.14481815236683,2.93826333127019,130.547589935723,0.000256104515135932,0.00505205597472191,0.00148634710737304,0.0294009202672978
"S2","Cell10","Manual",3,1068.141502,1.47445918272943,2.67777455108367,691.66690700502,0.00260493941828226,0.0642308111008815,0.00359584223519382,0.0573977593681598
"S2","Cell11","Manual",1,6145.740629,24.3492286779423,3.16878160483628,447.664158818207,0.00146151218684913,0.0150096513041182,0.00112196195054369,0.108431215460589
"S2","Cell12","Manual",5,1130.973355,5.87472305479482,0.317696857035703,132.060013518257,0.00251554324408609,0.030613415440432,0.00122848360809417,0.0362977671482285
"S2","Cell15","Manual",5,1156.106097,2.40219728795486,0.438853271201839,332.874364509998,0.00287516416754817,0.0341531722391716,0.000561055421979555,0.0411488763117632
"S2","Cell16","Manual",4,9738.937226,0.482931672604097,1.98394883475426,356.843681006352,0.000752144608391611,0.00973556107165509,0.00475793972005332,0.0519399330909565
"S2","Cell17","Manual",4,11548.49459,6.26850704527206,2.24614559648162,125.522937415999,0.000659859067284841,0.00507771925680042,0.000936865112051292,0.0348274796934216
"S2","Cell19","Manual",4,9738.937226,0.247585243052626,1.95938726782975,196.543402612322,0.000580807825007872,0.00475004864932044,0.00118502990376245,0.0271053453192233
"S2","Cell20","Manual",3,8588.328917,0.173335603381168,0.276695330906137,52.4450381514247,0.000154425604974249,0.00197268643385179,0.00101172973279248,0.0524059199749536
"S2","Cell22","Manual",1,9723.229263,6.35980146326123,2.8905400820724,131.707685545878,0.000326444838246428,0.00292647809663862,0.000538510444878826,0.033899334867968
"S2","Cell23","Manual",5,1068.141502,1.974433378552,4.10469013239867,438.059452597488,0.00231879540980223,0.0196401368531988,0.00309543553237966,0.0756303289994363
"S2","Cell24","Manual",5,4264.712027,27.9743890697338,4.12870960375944,779.476361871059,0.00171794964207319,0.0178591518156151,0.00048964629424193,0.0718812460853478
"S2","Cell25","Manual",1,5416.105735,79.6911431189643,8.79023861631622,1450.83862306165,0.00180933723430434,0.0204996462531323,0.00157328544490046,0.192996968886897
"S2","Cell26","Manual",5,1445.132621,5.95083269546917,1.25238283528498,176.838580475417,0.00500486347413065,0.0403935679363333,0.00272669497805699,0.0327191776666653
"S2","Cell27","Manual",1,3681.94659,3.83827344812821,2.54149218280746,799.952070164597,0.00071677360750683,0.0293985905291301,0.0038441817995808,0.111459117452952
"S2","Cell28","Manual",4,4768.937648,0.874034742041559,0.526577474108012,119.941382272622,0.000235666692928349,0.00202047477316955,0.00113955012556193,0.0273232234153949
"S2","Cell29","Manual",4,4882.034984,5.97306282955209,1.27578619790917,119.497631523904,0.000406042074662107,0.00448202115756892,0.0004177140006249,0.0219730236632617
"S2","Cell30","Manual",1,3681.94659,0.165639175811465,1.46291392154101,181.459623826547,0.000325122574391587,0.00262052817155194,0.00027963505705862,0.0371758555988857
"S2","Cell31","Manual",5,1005.309649,28.6123504636534,2.92094061057812,394.877304856655,0.00314031692892403,0.0337937435661602,0.00237485178407941,0.0732672116952486
"S2","Cell32","Manual",4,4281.990787,2.6377166076231,0.937860365752956,59.7754755174499,0.000104870994852886,0.00163271753494014,0.000722788620331185,0.0147923517851167
"S2","Cell33","Manual",5,1005.309649,69.6851694136096,9.12652504983812,239.01281808915,0.00268253442662877,0.0361580681785313,0.00174740967177402,0.110147704778773
"S2","Cell34","Manual",5,2199.114858,28.0733992753209,2.01398806697202,508.822218136207,0.00359764180346403,0.0633607219818797,0.00106033593894105,0.0432132263797705
"S2","Cell35","Manual",4,19650.66205,3.22525509569578,0.711882397939137,103.332679426888,0.000195873996884706,0.00196563389730489,0.000664085260108535,0.0163356147904248
"S2","Cell36","Manual",4,13006.19359,5.55648018458714,1.75382980191766,168.258992741023,0.000305466270031457,0.00439520371739873,0.000781306098340462,0.0461437301836166
"S2","Cell38","Manual",4,4281.990787,4.21040313533837,1.15444218975044,168.344450302174,0.000323387346975941,0.00311356811202584,0.00128319569744314,0.0233562922200402
"S2","Cell40","Manual",4,6163.804786,16.6614298447451,3.35596476502274,907.61633474131,0.00123867698528492,0.0178357380960548,0.00244988509983684,0.166982108963654
"S2","Cell41","Manual",4,5513.495107,1.49654612202181,0.607802835731154,174.582316012141,0.000465053472427713,0.00457644009361177,0.001264489269213,0.0505027305385494
"S2","Cell42","Manual",4,3807.610296,6.15967238026708,2.79965567415841,276.890803903243,0.000248691564265873,0.00358514123126103,0.000613062127810916,0.0571571506597968
"S2","Cell44","Manual",3,1583.362697,4.60633555269736,2.75264864720251,55.8829712223089,0.000135279373768943,0.00127894841344504,0.000292933966661629,0.0242535195662735
"S2","Cell45","Manual",4,9437.344331,3.41116626339034,1.9802843168715,79.1336707147664,0.000233075408667935,0.00171760029377472,0.000691829125005014,0.02742001868927
"S2","Cell46","Manual",5,603.1857895,19.5898686636902,1.09017931636728,129.512161280031,0.00438751063612325,0.0293532969789911,0.00202956913914747,0.0609010707598091
"S3","Cell2","Manual",5,753.9822369,2.48834589522032,0.331123488779116,30.5349659466634,0.00326490216472334,0.0847942375102788,0.00138536342642953,0.100159813101895
"S3","Cell3","Manual",5,691.1503838,7.46746782052429,1.01438141125091,560.969657394764,0.00515120557573921,0.0367784346924045,0.000191556834360999,0.0894580733379743
"S3","Cell4","Manual",1,2199.114858,10.6197704379548,2.96738700727032,537.039268751069,0.0034391303415369,0.0252304527096496,0.00223515972587161,0.0691660456997442
"S3","Cell5","Manual",2,2612.234291,13.4467202692177,2.87495794185352,766.661035636951,0.00179546458726812,0.0231320543509138,0.00172922664825121,0.338600368287534
"S3","Cell6","Manual",4,6860.452957,2.30390503040419,1.32583656177475,480.019277286294,0.00188118391189518,0.0187577303915808,0.00216808302785038,0.0906363919037464
"S3","Cell7","Manual",4,9894.446062,2.30461178897294,1.43688263545461,444.457631571081,0.000722933140469543,0.00790124604040362,0.00122066301736763,0.0911232652377989
"S3","Cell8","Manual",2,2689.203311,2.54050678870973,0.358616421790003,35.3677065091467,0.00390124569754246,0.0302492533417414,0.000522068205924731,0.30667012807787
"S3","Cell9","Manual",4,3620.685533,9.26345147206275,2.33685325810327,465.36821780154,0.00670809106548569,0.0754180640341847,0.000300985046190706,0.446306682675041
"S3","Cell10","Manual",4,3620.685533,7.43037939506362,2.52264007805206,966.018299142873,0.00202957867704329,0.0199719217985557,0.00146761309485703,0.436868945907749
"S3","Cell11","Manual",4,2953.097094,10.1317202231832,3.41280026658552,233.072144679459,0.000616780243704781,0.00399745925646313,0.00083870526175652,0.305554381583696
"S3","Cell12","Manual",4,5489.933162,4.52279211797069,1.94188409288607,468.79050696509,0.00200209731100241,0.0224870617744724,0.00205212972931702,0.308743037983671
"S3","Cell13","Manual",5,1822.123739,1.95854111705157,0.216160500178006,21.4692493833765,0.00241705549847939,0.0299718485280811,9.72653124923785e-05,0.031713938564606
"S3","Cell14","Manual",5,1130.973355,1.99453312757145,0.656641296517028,25.2102613029249,0.00237621185318772,0.0291256511408726,0.00116375694539631,0.248833969479368
"S3","Cell17","Manual",4,7326.194068,4.49979940330539,2.10014696579994,137.220250844417,0.000532667947750129,0.00358737653439661,0.000446075549715758,0.41937182711832
"S3","Cell18","Manual",3,8356.636459,12.0334385639162,4.4304554268386,298.325702915573,0.00140827018318456,0.00863096470377278,0.000922404833267291,0.291772448122484
"S3","Cell19","Manual",4,4983.351347,5.34074779977995,0.249777335640805,226.071461499365,0.00126000928871765,0.011609243144459,0.000344723679826795,0.231821857194795
"S3","Cell20","Manual",4,8168.140899,6.9612293993842,0.573223542698202,126.567728169414,0.000708757705302961,0.00644395279237167,0.00114630977066582,0.257404804750778
"S3","Cell23","Manual",4,6471.680866,1.39235457312643,0.726020935705983,197.302371451454,0.000418396540339637,0.00372497750710258,0.000805214179701624,0.0210395554046257
"S3","Cell26","Manual",3,1767.145868,18.3274407302033,2.48434861290059,779.841340874281,0.00274467050755031,0.0248817520675267,0.00182593682173195,0.303812574668439
"S4","Cell1","Manual",3,3958.406744,0.711745367491934,0.285602119366962,203.792970339568,0.00183020770111206,0.012859417444401,0.000725263891304796,0.498016501581265
"S4","Cell2","Manual",2,1178.097245,1.5762255273007,0.335163131610213,487.556369291326,0.00115425319745643,0.0207769084736203,0.00141201463864683,0.443471292170797
"S4","Cell3","Manual",5,502.6548246,1.42908106774654,0.197778424106207,290.244157532862,0.00326956842867665,0.0448823980816764,0.000445693126032291,0.154783478076223
"S4","Cell4","Manual",2,942.4777961,0.0682485315150336,0.116231891511302,95.9334898261759,0.00041986099017819,0.00138936893843947,0.000201920561745862,0.150907739746998
"S4","Cell6","Manual",2,2650.718801,0.151233955871691,0.109616841444972,47.5846064612245,0.000439372258447966,0.0021301366874989,0.000427879345042595,0.0849603844917191
"S4","Cell7","Manual",4,1731.80295,0.305133139829468,0.243587999259772,78.1127109625589,0.000423236288251406,0.00349041377365145,0.000379324720525418,0.16256805115772
"S4","Cell8","Manual",5,4743.804907,0.133105817682897,0.128349676566599,69.9027386415407,0.000326036721544666,0.00226414842563419,0.000392084268353771,0.0549798311305756
"S4","Cell9","Manual",4,2902.046214,0.118826264377015,0.248243008326312,84.5727801548265,0.000327387538739486,0.00164712893551042,0.000223156981578086,0.0839606633892819
"S4","Cell10","Manual",5,628.3185307,0.332373265729927,0.172375768902798,283.26850474533,0.00121064552970265,0.00500999596847163,0.000662417624382596,0.324187374267991
"S4","Cell13","Manual",4,2403.31838,0.0730163683770029,0.251075412482128,141.434245792436,0.000245145749652497,0.00141613561798127,0.000555169042156368,0.172445770168555
"S4","Cell14","Manual",3,2010.619298,0.689218343916744,0.156738331450295,57.3465731011241,0.000604064604920472,0.00301449054530369,0.000321493882923495,0.250724486446087
"S4","Cell17","Manual",2,2324.778564,1.6115797889515,2.1404532627012,583.599923856763,0.00305564578457439,0.016581187852825,0.00120758166391987,0.930215314983948
"S4","Cell18","Manual",2,590.6194189,1.2489757971795,0.141635341330505,147.956768370661,0.00105628913912324,0.0278119767811997,0.00115724852981716,0.118712848258334
"S4","Cell20","Manual",5,981.7477042,0.832459780341986,0.0999601962582517,101.388931971863,0.00166577548868559,0.0137852942525661,0.00035095764121149,0.106656326954965
"S4","Cell21","Manual",2,2324.778564,2.35743629196514,0.653209013649453,1089.1426005346,0.00368858626569613,0.0281567449585255,0.0011617726537837,0.398280949858245
"S4","Cell22","Manual",2,1068.141502,0.547918090984049,0.44528937102217,318.266081521223,0.00121496475668332,0.00667832934615726,0.000615881059094672,0.234747919645399
"S4","Cell25","Manual",2,1872.389222,0.519119134908813,0.615657928314577,59.8659593532887,0.000918863397764298,0.00629447349542586,0.000429166362365583,0.155706551146034
"S4","Cell26","Manual",3,2475.575011,0.616905415580337,0.125186786055195,231.983952452364,0.000735076055043309,0.0216431738057652,0.000519151289368027,0.161871095526541
"S4","Cell27","Manual",3,3722.787295,0.11971221659355,0.289028655051595,122.871467087567,0.000348301132490897,0.00256367317488179,0.000201740714954219,0.122798403871156
"S4","Cell28","Manual",4,16925.33042,0.128163793594564,0.232690843787933,109.513653809615,0.000361543258335235,0.00189420936234453,0.00040765938739453,0.109244867939041
"S4","Cell29","Manual",2,1837.831702,0.558396520021367,1.27191225871997,53.3996452276558,0.000367903896848618,0.0011711391382243,0.000650921932613934,0.165933387486965
"S4","Cell31","Manual",5,490.8738521,0.14657645335768,0.489998738885915,82.1153193994718,0.000279683378831897,0.00172714149747702,0.000255089044481147,0.166849991351397
"S4","Cell32","Manual",2,1357.168026,0.124366259504398,0.188060447730135,95.0114408548263,0.000184257886933857,0.00170172786382981,0.000280627434943868,0.0944919456203375
"S4","Cell34","Manual",4,6499.169802,0.963785773655944,0.29017909550564,307.345418210418,0.000678818962128267,0.0200183841630715,0.000508689504031312,0.18977467086202
"S4","Cell35","Manual",2,269.39157,0.975329167341373,0.371009767564075,200.562351809032,0.00452228864641028,0.189090190776798,0.00105781332853147,0.187078681328374
"S4","Cell37","Manual",4,4732.023934,0.18983928380594,0.394267272791381,77.2184747011229,0.00037466510320532,0.00165367206367627,0.000163946622800693,0.134479226415234
"S4","Cell38","Manual",2,269.39157,1.31142136177655,0.206440333373994,88.6455812627036,0.00293350218803183,0.0233447397976397,0.000590625693564108,0.106294807213679
"S4","Cell39","Manual",4,2367.975463,0.373346174053312,0.58877854192305,66.1133044245724,0.000428161388182127,0.00212946854436332,0.000382560158599002,0.191193575410218
"S4","Cell40","Manual",3,502.6548246,1.66656137285768,0.280574604086593,256.794660701842,0.00578237847794716,0.249623036376839,0.00109049411737028,0.114995889648244
"S4","Cell42","Manual",4,3707.079331,0.345862023786207,0.658388123422879,111.041063524574,0.000517352892237358,0.00399093555852733,0.000325657069840345,0.204755716307657
"S4","Cell43","Manual",4,1704.314015,1.43726014519269,0.307052095427635,383.459972748257,0.00212596419966211,0.0768933231649761,0.00121823757556352,0.235552503019833
"S4","Cell45","Manual",4,5654.866776,0.0636194825492119,0.0815843964105076,66.4249082603383,0.000214592663969028,0.00101646638870072,0.000235930073133436,0.0922184715504436
"S4","Cell46","Manual",5,301.5928947,1.29243693701358,0.142307711124009,151.899970061904,0.00376573434938254,0.0188182187674524,0.00083009150063398,0.152681982019028
"S4","Cell47","Manual",4,2843.141351,0.229157927317016,0.123251917723863,58.8284053777316,0.000325533407483329,0.00317167631755905,0.000489235463663082,0.101778904732785
"S4","Cell49","Manual",4,785.3981634,1.23043482445044,0.732502404153393,261.9829824942,0.00230992012780293,0.0147877822173105,0.000216605654084217,0.328249686597666
"S4","Cell50","Manual",4,785.3981634,0.110519405463066,0.0924208594055985,63.9083954822004,9.89115541351265e-05,0.0013201013280385,0.000159121333423905,0.06379616799983
"S4","Cell51","Manual",2,1005.309649,0.0914876648304346,0.250330861274037,127.213139136342,0.00027224222573847,0.00172929149649609,0.00036002390060978,0.0775249920497696
"S4","Cell52","Manual",3,2472.433418,0.17847898123533,0.0896471456165033,137.93327236851,0.000542951914162172,0.00377199434350921,0.00115717140190209,0.172120177584366
"S4","Cell53","Manual",2,1256.637061,0.110790911934113,0.0989567946528936,132.814990359782,0.000303982672398938,0.00233444574930274,0.000316965643980337,0.119855811730005
"S4","Cell54","Manual",2,603.1857895,1.21713138307568,0.276325229038963,422.1950264346,0.000391121464133115,0.0155601135723907,0.00241013654725803,0.0833480314906364
"S4","Cell57","Manual",4,1130.973355,0.397477459038881,0.370218658686992,101.766383063691,0.000247917741025936,0.00228185319173738,0.000167207765141316,0.0919327623295716
"S4","Cell58","Manual",5,785.3981634,1.38542876765546,0.143320752484268,81.9430767189781,0.00107540232327042,0.0194730378086009,0.000403505272884379,0.122801488683821
"S5","Cell1","Manual",5,628.3185307,6.66333957914952,1.01195420956846,372.79881036706,0.00190948876016746,0.0177208778880057,0.000287978914848692,0.0100404673049138
"S5","Cell4","Manual",3,3958.406744,2.58257981609291,0.64731881858002,87.2783926050036,0.000174081578873165,0.00369220525939798,0.000234607498374452,0.00255017130392858
"S5","Cell5","Manual",4,5301.437603,0.831134760854789,0.229931765055279,131.320916215433,0.000107976818125726,0.00330981359628012,0.000309282364915459,0.00154813573833905
"S5","Cell8","Manual",4,6118.251693,4.84768439674404,0.569035599013782,217.672241411343,0.000228272081921443,0.00638743305449702,0.00036127512535714,0.00237805068134007
"S5","Cell11","Manual",4,5353.273882,6.12629428106789,1.5168434986731,37.1540459378994,0.000148201127024909,0.00335398351179833,0.000392620620683114,0.00801619184060615
"S5","Cell14","Manual",4,8482.300165,1.63302787860246,0.456487816401096,138.553015553922,0.000245933720260671,0.00620180207436786,0.000368042443445811,0.00379561891236276
"S5","Cell17","Manual",5,753.9822369,1.91415903884933,0.171461649351732,150.043695550736,0.00237626331936477,0.0237191081173874,0.000399491682035755,0.00488545560820207
"S5","Cell18","Manual",2,1990.984344,317.614918389411,82.9214340657843,19.5457842822274,0.00261511395136993,0.0231434242658747,0.00160289199580247,0.15808859890513
"S5","Cell24","Manual",5,565.4866776,2.12103482555572,0.118950372746205,28.6085495295811,0.002491846507889,0.0252921814993248,0.00070823866085296,0.0142103084676308
"S5","Cell26","Manual",3,2287.079452,1.41046112121964,0.334883129969584,85.3278690272031,0.000110218267401933,0.0044702468103381,0.000136671687852453,0.00261807000612443
"S5","Cell28","Manual",5,628.3185307,8.77567034010764,2.05746800709096,393.042194245337,0.000711885302039742,0.0402877126951919,0.00129908759236481,0.00955582347886487
"S5","Cell29","Manual",4,2650.718801,6.6072304832671,1.06045940685684,170.515318866995,0.00298305269614241,0.0249521567964769,0.000725259553233876,0.00731107775087929
"S5","Cell30","Manual",4,2650.718801,5.77669338946654,1.50393848306591,225.483456774989,0.000171090896954699,0.0054836524166246,0.000328151315958056,0.00860616929545399
"S5","Cell31","Manual",4,3015.928947,5.44491147154454,1.41878474976298,346.740650215757,0.000509361031638493,0.00998612902276702,3.33894661382355e-05,0.00758577261540204
"S5","Cell32","Manual",3,6432.410958,2.86154074298906,0.424879035795282,142.274353173385,0.000259998660881455,0.00389876445272468,0.000318182043862044,0.00593995561549064
"S5","Cell35","Manual",4,1130.973355,7.47750959769659,1.7471494956694,65.7680965845657,0.000171920194358515,0.00220344229623375,0.000174128262874381,0.00316045653459822
"S5","Cell36","Manual",4,2626.371458,1.70085634985334,0.368897255399236,130.583940357614,0.000146716176342473,0.002692780114513,0.000402378759420122,0.00249527868853445
"S5","Cell37","Manual",4,3000.220984,2.5087766414267,0.382821420884972,274.120443652167,0.000478695143925887,0.00617956801338258,0.000285115882881021,0.00434874281764766
"S5","Cell38","Manual",2,402.1238597,5.18172713836795,1.11879673743855,418.115787256269,0.000814990769867066,0.0173134801618316,0.000521929355439411,0.0504787256771959
"S5","Cell39","Manual",5,1256.637061,10.3135859485481,1.13047141759712,452.067862200734,0.00189645929983423,0.0299003151021285,0.000745536831762733,0.0137157348874325
"S5","Cell42","Manual",5,691.1503838,52.1583472703249,6.87456124362451,712.580457687399,0.00122559247226201,0.0501011402827394,0.00116695558459867,0.0319682544457597
"S6","Cell1","Manual",2,1935.221075,1.92608689434073,0.220920488181022,49.383182628966,0.00194852141483581,0.0534227044300466,0.000632667154263336,0.0121731442396342
"S6","Cell3","Manual",2,1413.716694,0.917632243287267,0.19671505852246,107.594697125809,0.000225786111881724,0.00410109930873875,0.000342859604880016,0.00339784822952994
"S6","Cell5","Manual",2,753.9822369,2.47076493436104,0.194660946676795,137.412191505017,0.00200301197345549,0.0166470485297734,0.000176981836834935,0.0107217548579894
"S6","Cell6","Manual",2,226.1946711,0.810920522972194,0.230983662813859,88.1820895799585,0.00023419711995924,0.00239781655087716,0.000332384709269122,0.0013266361457138
"S6","Cell7","Manual",2,502.6548246,2.91196764311503,0.652266863196301,19.9238697356376,0.00133260837412409,0.0212588651073274,0.00217868441084688,0.0183089805104584
"S6","Cell8","Manual",5,1633.62818,5.64492319482261,0.558846403170039,198.474297351718,0.000608395583745397,0.0216432132248479,0.000322695273544882,0.0123499472064301
"S6","Cell10","Manual",2,816.8140899,0.570656849678438,0.180855255694186,82.9149863619108,0.000143040825003629,0.00223723512526797,0.000134045505944324,0.0017038020299261
"S6","Cell14","Manual",2,3091.327171,2.48307580225968,0.59874886128401,134.839419993746,0.000451387985978489,0.00494074072846125,0.00020164935961922,0.00707709605201931
"S6","Cell18","Manual",4,392.6990817,0.236936712608125,0.113012403513733,59.9479694196837,0.000124938764651483,0.00209316179404844,0.000435528256313513,0.000694589310550961
"S6","Cell20","Manual",2,1947.787445,2.09730999861214,0.705015736630757,731.8835109625,0.000905571885119758,0.0175158526854967,0.000812330352272996,0.0110259469961482
"S6","Cell23","Manual",4,7351.326809,0.554706678787108,0.147968938153951,146.800024341314,0.000171654669222486,0.00234162363398478,0.000204703619897059,0.00210807546702226
"S6","Cell24","Manual",5,1017.87602,0.558052749645266,0.275370269932949,200.171994448223,0.000102296598766687,0.00630552017619207,0.000274625319488209,0.00453552789687423
"S6","Cell25","Manual",2,1947.787445,1.07484229057276,0.256354611179332,171.951051805685,0.000408193658165807,0.00641712965799165,0.000230110584164126,0.00378452135216633
"S6","Cell27","Manual",4,7604.225018,0.26261383310127,0.126985226003311,101.064994442738,6.49344856636832e-05,0.00271770920748513,0.000276756555998215,0.00161020652298429
"S6","Cell29","Manual",4,6130.818063,0.511970393634093,0.111558836388006,51.2642640755528,0.000103049127002569,0.00229042300609834,0.000125544100554676,0.00197266587783912
"S6","Cell30","Manual",2,452.3893421,0.219759957237401,0.110964226409923,84.8631287472667,6.99407307611618e-05,0.00106849228245731,0.000110022780459713,0.000898225919561401
"S6","Cell31","Manual",4,785.3981634,1.64224517066279,0.407783294586394,197.750098644836,0.000491818598967131,0.0230523322849832,0.00057717695455082,0.0204748288276871
"S6","Cell32","Manual",2,1809.557368,0.506026546391855,0.332388605627176,122.773225711803,0.000122398156934609,0.00464240369328528,0.000549976330789694,0.00104903680442858
"S6","Cell33","Manual",4,4253.716453,1.36295468981921,0.426796133070644,627.913425438262,0.000726977505413934,0.0072641755885625,0.000390726116823749,0.00526859012299814
"S6","Cell34","Manual",5,753.9822369,1.64378500515864,0.335975308840769,182.919793618871,0.00102483063651066,0.0113682407941022,0.000609109780745286,0.00583118998297387
"S6","Cell35","Manual",2,538.7831401,0.130566928158188,0.0560949951658412,42.2335234434387,9.55500716476434e-05,0.00683376473297145,0.000170203824791962,0.000925960774927648
"S6","Cell36","Manual",2,1570.796327,1.65527108919276,0.327640562240392,304.478023041033,0.00045135979309968,0.00729843208518609,0.00016037670071388,0.00442849986941969
"S6","Cell37","Manual",4,3078.760801,2.21855086202176,0.349720627136248,142.142720705358,0.00281605879423611,0.0233990583378878,0.000392235967363927,0.0106821216033813
"S6","Cell39","Manual",4,19634.95408,0.556997586647217,0.202133807584378,84.1312717295842,0.000197744261189285,0.0170536690194384,0.000767971182106709,0.00517820982530923
"S6","Cell40","Manual",4,2419.026343,1.39029204003956,0.550083443544422,295.734895469464,0.000306204276855134,0.00808741856158521,0.000419540388738263,0.00909163382778315
"S6","Cell42","Manual",3,911.0618695,0.363241406465704,0.234714603979431,19.2649305184902,0.000500784324071078,0.0035715509054666,0.00024038592016246,0.00269984237416447
"S6","Cell43","Manual",4,2010.619298,1.68381645007378,4.15532539733085,30.5149616841047,0.00221261287771054,0.0361671059105512,0.000464792797936588,0.00463619383399897
"S6","Cell45","Manual",2,502.6548246,1.94285377224753,0.511670113031065,505.327874585146,0.000471186166683532,0.0163824771703493,0.000256847008525343,0.00733338275439114
"S6","Cell46","Manual",2,1068.141502,0.531681702906923,0.171210609469524,145.672802016806,0.000129067897544966,0.00360215809774275,0.000187845712822081,0.00296002148605434
"S6","Cell47","Manual",2,1068.141502,1.65190344500161,0.182595644523375,78.8087752013939,0.00112602849087658,0.0143134762853267,9.64021381032121e-05,0.00640295220462028
"S6","Cell48","Manual",4,1545.663586,0.225256580068539,0.0875907100322726,105.806864662519,8.47233171940793e-05,0.00218442268403823,0.000157796921804717,0.0013051848947685
"S6","Cell52","Manual",5,628.3185307,2.0906271884575,3.08700823010294,384.788429339147,0.000648910286948774,0.0251221696811297,0.0007210388284739,0.0343097525365415
"S6","Cell53","Manual",2,766.5486075,1.18198198713425,0.302766155433913,189.83168298801,0.000235368072547032,0.00612372901916646,5.75385172001838e-05,0.00368749280760154
"S6","Cell54","Manual",4,2048.31841,0.347902099235939,0.0734019086368418,78.0035225959,0.000166814474868023,0.00327550811977168,0.000162537033355145,0.00347484262001095
"S6","Cell55","Manual",2,5089.380099,0.247389846755254,0.0958386795904385,83.0088133637489,9.18870020578297e-05,0.00140147701408996,4.37558113713798e-05,0.000811094892770599
"S6","Cell56","Manual",4,1796.990998,1.21713099273028,0.150827641319427,82.700555519268,0.000222298850681608,0.00764205519803643,0.000562665093935423,0.00128328376185396
"S6","Cell57","Manual",4,2010.619298,0.301921049561373,0.16135274017818,116.823403245881,3.46857486360027e-05,0.00152715327878833,0.000472399269024754,0.00138664658540044
"S6","Cell58","Manual",2,603.1857895,0.615687047187877,0.159784153196733,208.38724459009,7.97292018726582e-05,0.0044994950242988,0.000168785682394004,0.00142802454633301
"S6","Cell59","Manual",3,1382.300768,1.79545242728456,0.273620783356905,201.958419462536,0.00168339094837706,0.0143359989158162,0,0.00659729802831019
"S6","Cell61","Manual",4,1570.796327,0.304204095303166,0.138697628591099,69.5558030033068,3.35240101174538e-05,0.00220719506385453,0.000348709794555435,0.00161363982926408
"S1","Cell1","Model",3,1570.8,7.38486359485675,0.704777762127553,469.390842668044,0.00386843108664181,0.0309965374791325,0.00287305857396879,0.103291605596813
"S1","Cell2","Model",2,4036.9,1.83286038537373,0.379713245569382,32.2554139061818,0.000367514446161336,0.0078100676390101,0.00045596484503904,0.0431351563090874
"S1","Cell3","Model",5,981.7,1.93778057138919,0.0762004901099971,28.0241024911079,0.00307284006612788,0.0374962391410016,0.00149197988235865,0.00668366704905372
"S1","Cell4","Model",4,6848.7,20.0371397475789,2.38686482348255,900.473760176248,0.000832339802291214,0.0260766815001571,0.00119812419111482,0.213424171492791
"S1","Cell5","Model",4,8105.3,2.05657342631944,0.513505776057776,289.142828150114,0.000465452420896312,0.00444197741293449,0.00151401276980021,0.0196162302337179
"S1","Cell6","Model",4,6660.2,2.08129143095742,0.553993932153305,94.3358709469311,0.000163882443336987,0.00186553572520824,0.000512844434701283,0.0124155477591606
"S1","Cell7","Model",4,5529.2,12.5076044260398,1.80599468889166,824.102387813404,0.00221055083215029,0.0309561160859011,0.00126128013365606,0.120722874483026
"S1","Cell8","Model",5,1570.8,1.55587091064388,0.567247794125819,231.887963614862,0.00234236277426613,0.0310050363454327,0.00163387225679316,0.0606261180178529
"S1","Cell9","Model",4,5975.3,2.51435119699843,0.557576628148066,130.207616181275,0.000226647833596494,0.00449794893629083,0.00171892324307643,0.0320787817310632
"S1","Cell10","Model",2,3298.7,1.49360065038137,1.00250949867573,693.739021288627,0.00194587409668259,0.038095271381536,0.00491699073741062,0.0545474104703955
"S1","Cell11","Model",4,7103.9,1.44234150665445,0.947327193551886,673.879453307413,0.00116670130081004,0.0185870338161061,0.000817364043053487,0.0444793313736134
"S1","Cell12","Model",3,2945.2,2.10761542094196,0.142246507337921,143.421393211519,0.00441139513167016,0.0402803061016758,0.00147081814639216,0.0203489583389815
"S1","Cell13","Model",3,9220.6,1.84572977820119,1.21603192014747,504.726818233381,0.0010141297537089,0.0167009610371331,0.00159512570805819,0.0583503074319196
"S1","Cell14","Model",4,6027.1,4.63470862190811,1.1650221524924,965.105878626268,0.00231308706775251,0.0339966744568445,0.00151615564612601,0.142450827256243
"S1","Cell15","Model",5,3518.6,4.13028082014725,0.531286332106162,799.59000537716,0.0041393649005582,0.0951166717241547,0.000840882112387416,0.0578677777943124
"S1","Cell16","Model",4,3405.5,3.31732290872934,0.699973385992043,218.483538519554,0.000299808124932102,0.00650324136021606,0.000812530023451558,0.0419887468297729
"S1","Cell17","Model",4,14753.7,1.6725095224031,0.347200027765183,664.76517999617,0.00236678035474668,0.0274535846757242,0.0010566709291974,0.0554814110958205
"S1","Cell18","Model",5,3769.9,3.37194833654184,0.53833058780831,712.881259272094,0.00452349929044988,0.0435762655148754,0.00133372086122933,0.037424084785704
"S1","Cell20","Model",3,1099.6,3.07420307694732,1.24652692987055,376.22815207309,0.00143568971801037,0.0229125558547703,0.000640560701445607,0.0996964167218558
"S1","Cell21","Model",4,13336.1,2.20552067903186,0.707255946776029,258.232246490812,0.00235067560386087,0.0310589700829329,0.00200650062245572,0.0718257512018606
"S1","Cell22","Model",4,10924.9,1.93027766049421,0.186677127733088,189.49211993526,0.00264391129566358,0.0450855225101368,0.00101305589213745,0.014846325858729
"S1","Cell23","Model",4,3716.5,0.296129041561662,0.527631725452885,154.017992698393,0.000266447365414243,0.00468285399867515,0.00094954822964612,0.0177348869359464
"S1","Cell24","Model",4,5050.1,1.76059062284328,0.268407737818041,186.399674778782,0.00109722102483465,0.0417706450406316,0.000567398988689707,0.0529511224380022
"S1","Cell25","Model",1,5658,1.84256508928056,0.668355986014012,372.446811080796,0.000956028141574108,0.00947725264302073,0.000293866222622149,0.018929150335575
"S1","Cell26","Model",4,11953.8,0.698122612241678,0.175794777158723,17.4137911712536,0.000346652399136965,0.00312628072334568,0.000323739552606363,0.0137517852736901
"S1","Cell27","Model",1,5965.1,5.83494832035295,0.419633388471166,600.687264164725,0.00311635657009532,0.0403615754331794,0.00110787463700598,0.104114544428805
"S1","Cell28","Model",5,494.8,4.3325372047361,0.63513691859479,493.809729669599,0.00343493052062467,0.0494309441147148,0.00396827977928041,0.0763066110715838
"S2","Cell1","Model",4,8922.1,7.09520072627479,1.98463247760881,142.141623095397,0.000203115258932101,0.00278754554362189,0.000497614773476573,0.0268984606229542
"S2","Cell2","Model",4,6770.1,5.0700025408583,1.71023461956599,138.98658144985,0.000449344291744209,0.00443705255251866,0.000919768657199573,0.026678232640149
"S2","Cell3","Model",4,14137.2,9.96972082836934,2.02044850604374,200.064190318294,0.000632056490714891,0.00475777439741477,0.000835884897941185,0.0424133230058703
"S2","Cell5","Model",4,6708.1,5.50082110300177,2.59993424937407,140.195207399024,0.000136942808835435,0.00122152356426987,0.000594359415386869,0.0226803644776079
"S2","Cell6","Model",5,754,3.43681444126584,0.614728665289328,357.624177436349,0.00396147995532239,0.0418425658709533,0.00241548215418074,0.0454818578959784
"S2","Cell7","Model",5,816.8,7.94120574140705,0.641037099598717,29.6932425838454,0.00692557411091195,0.0389358482313869,0.00217626905616378,0.0264060425845447
"S2","Cell8","Model",4,8796.5,2.67103403611757,1.04866856676586,132.480059207453,0.000170493308641974,0.00201915252812264,0.000750358655532568,0.0234642008172718
"S2","Cell9","Model",4,12792.6,7.20582018297902,2.96129588521415,133.777287399595,0.000219435142641045,0.00474385760200574,0.00148251932641813,0.0292973742164967
"S2","Cell10","Model",3,1068.1,1.16707093595012,4.45343900534673,315.196187167441,0.00167271733718911,0.0390805353081046,0.00202310155663498,0.0443956775312449
"S2","Cell11","Model",5,1131,5.57091128073449,0.507707499574586,147.704176789213,0.00275581611371741,0.0315186224403601,0.00130935810595005,0.0385687801063574
"S2","Cell12","Model",1,6145.7,23.1761602024237,3.15460743487182,437.538459445861,0.00132287932922209,0.0139248811702013,0.00101860254663637,0.108717245520784
"S2","Cell15","Model",4,9738.9,2.83937756593665,2.29200837454316,317.799868263924,0.00112135725589651,0.0121892777649881,0.00401755862223976,0.0522452633212697
"S2","Cell16","Model",5,1156.1,3.04524944046141,0.332148213317207,324.122735420559,0.00274386533068178,0.039305159804398,0.000634726602136294,0.0392988217823831
"S2","Cell18","Model",4,11548.5,7.26952504167212,2.20970865122831,136.075846374463,0.000648978712756178,0.0054284321566722,0.000919798977269958,0.0371388551294683
"S2","Cell19","Model",4,9738.9,0.185343965950525,2.00247168606283,200.172923730928,0.000416759821638187,0.00356995500261006,0.000912152432691122,0.0276156779778656
"S2","Cell20","Model",3,8588.3,0.153929340686639,0.274095543920548,52.7424923513559,0.000135209388112229,0.00159439187054069,0.000997200082332648,0.0525743890614639
"S2","Cell22","Model",5,1068.1,2.00105530999987,4.12748887395566,437.424853431916,0.00239337481361339,0.0202184802106344,0.0030828348974043,0.0753224595061714
"S2","Cell23","Model",5,4264.7,27.1497976821695,4.02364032578394,708.937929679831,0.00182847610575089,0.019022361732277,0.000581938202731252,0.0684485923878875
"S2","Cell24","Model",1,9723.2,6.13643023720818,2.88561887887122,123.111247851084,0.000347387080413094,0.00268964579991044,0.000538535209651585,0.0330773617219497
"S2","Cell25","Model",5,1445.1,5.68396927942047,1.11737146186302,171.338987621612,0.00452943940605042,0.0420110093347281,0.00237173110227737,0.0313349374941714
"S2","Cell26","Model",1,5416.1,79.5891004896058,9.12123575258272,1383.8577299417,0.0015984959408637,0.0175735010512365,0.00182714889127846,0.197964298406063
"S2","Cell27","Model",1,3681.9,4.01274684395011,2.5082892664466,565.166425389318,0.000483587421946932,0.028257305721899,0.00359144168177698,0.113761575811902
"S2","Cell28","Model",4,4768.9,1.13275865924195,0.821601364865199,196.522425356126,0.000259772631564535,0.00234459297237872,0.000996254497281079,0.023671410207208
"S2","Cell29","Model",4,4882,5.98199510535095,1.28297255219529,119.491688587195,0.000408984420991835,0.00458548078482309,0.00042139101798389,0.02219164639643
"S2","Cell30","Model",1,3681.9,0.152644425602696,1.47014110965954,182.475332227659,0.000310127461714637,0.00243575357444071,0.000261341339006153,0.0381032488018565
"S2","Cell31","Model",5,1005.3,21.1761617452525,1.97104623505319,372.037903279313,0.00226269619092196,0.0339983297707128,0.00282610324852792,0.0902852796118736
"S2","Cell32","Model",5,1005.3,54.9532329326342,10.3640109461593,239.853498522071,0.0023384963911783,0.0324690077699803,0.0015435275821724,0.109169685968839
"S2","Cell33","Model",5,2199.1,23.8404727865019,1.89063920130299,483.929830144292,0.00325213850631609,0.159263322951693,0.00201206413919594,0.0413526597535965
"S2","Cell34","Model",4,4282,2.67357951796431,0.937697397414523,59.8750559427265,8.00856210428676e-05,0.00127122793189827,0.000702033097932694,0.0149641488608393
"S2","Cell35","Model",4,13006.2,6.22563858538005,2.12736542018678,188.22764053917,0.000338327231347351,0.00359308374695055,0.0010190251822524,0.0461349079821978
"S2","Cell36","Model",4,19650.7,3.58619329685438,0.730108701640458,106.847376765367,0.000234205683003565,0.00249428771927548,0.000677804139802906,0.0154650310294786
"S2","Cell38","Model",4,4282,4.38979158761586,1.11188593324113,256.452703482068,0.0004590278006478,0.00425627351690856,0.00108623720064106,0.0326967601233635
"S2","Cell40","Model",4,6163.8,16.1325622664367,3.28758554228604,841.080858307143,0.00112762019565847,0.0199949025735431,0.00235167359024335,0.165341933173257
"S2","Cell41","Model",4,3807.6,7.48294365279536,2.68803080117496,497.58638429251,0.000409851697526611,0.00434987396902843,0.000897916705623507,0.0686730209383363
"S2","Cell42","Model",4,5513.5,1.47499130220223,0.604290452524076,177.325878531806,0.000358540567672946,0.00416472315550337,0.00128322078151694,0.0516949456429998
"S2","Cell44","Model",3,1583.4,5.11710745461536,3.04740603948502,59.4485909172304,0.000183076770554201,0.0017477889124823,0.000260052296090239,0.0256304705093181
"S2","Cell45","Model",4,9437.3,3.25017365061132,1.87634292662979,81.247465971321,0.000174875082996049,0.00142643585940737,0.000655996844635728,0.0227895548306978
"S2","Cell46","Model",5,603.2,15.7637655790002,0.879953746809354,157.354896315225,0.00494569039318044,0.0316674279547964,0.00288737072467864,0.0655098931314194
"S3","Cell1","Model",5,754,4.62147140235265,2.97026162839921,101.68148694565,0.00319127499433606,0.040854705441264,0.00302566974176311,0.816397737737321
"S3","Cell2","Model",5,691.2,8.84575255901047,1.20245373021555,1002.61112877104,0.00445709063074889,0.0385527013837649,0.000713839792803235,0.114842470441433
"S3","Cell4","Model",1,2199.1,9.23931992120218,2.53401701470409,449.759425981278,0.00399432730733863,0.0290801029346674,0.00191508530649532,0.0604037757806293
"S3","Cell5","Model",4,6860.5,2.42809545327373,1.45613392665176,553.826855172408,0.00203197315159482,0.0184778683476483,0.00247045552325732,0.0990403052366794
"S3","Cell6","Model",2,2612.2,13.9104007799827,3.47450014273943,929.336683691594,0.00127089109694757,0.0217293319314017,0.00174237252068284,0.404093748781667
"S3","Cell7","Model",2,2689.2,2.68142959689664,0.473558620384167,40.9695146321916,0.00270173252411077,0.0303094074513762,0.000575285405359875,0.570118238594814
"S3","Cell8","Model",4,9894.4,2.29943987700051,1.46601790805924,442.612190276621,0.000727587548050346,0.00767228030607465,0.00125457611054389,0.094783572428444
"S3","Cell10","Model",4,3620.7,10.3857061785693,2.35796159134722,937.326781372041,0.0015501042652335,0.0200124287922467,0.0014043007555191,0.543106044300217
"S3","Cell11","Model",4,5489.9,5.70889332306815,2.09956263449098,527.404424557855,0.0020109400835328,0.0212996254046272,0.00204050235627297,0.34663246156565
"S3","Cell12","Model",5,1822.1,1.95611142823098,0.186106057090259,21.7912453010435,0.00244392598483372,0.0303697654286732,0.00124703885279527,0.0326662798301769
"S3","Cell13","Model",4,2953.1,10.2272531641897,3.46469753652836,233.725081224982,0.00057101512511058,0.00343400601360905,0.000834095030941397,0.310701044766647
"S3","Cell14","Model",5,1131,2.05316427382812,0.463411149128629,24.613750045275,0.00242081930463677,0.0286867841960987,0.00131276148791742,0.17139699640369
"S3","Cell16","Model",4,7326.2,4.80319828412908,2.07244650963696,150.479266693511,0.000693052416397113,0.00464093875302815,0.000474194913775102,0.431486963566791
"S3","Cell18","Model",3,8356.6,12.7567435313189,4.6882516228765,306.065485198853,0.00154816557310533,0.00903118669912183,0.000838824047875674,0.316534017902041
"S3","Cell20","Model",4,8168.1,6.38432969922117,0.455504099008361,101.236660066602,0.000713989668318873,0.00657397877626049,0.00111029833723118,0.227923493187701
"S3","Cell22","Model",4,7934.1,8.1146497757058,0.599012749230771,397.680880990855,0.000763443324107929,0.035603604288673,0.000801124100613167,0.450667280495236
"S3","Cell23","Model",4,6471.7,1.31516869716708,0.746995247301453,200.827737700055,0.000303178243870329,0.00231424152333967,0.000795705831495743,0.0203837148987242
"S3","Cell26","Model",3,1767.1,16.104736530224,2.40721354580803,790.326132058613,0.0023015727385617,0.0254579894580693,0.00209248621146237,0.316635532714981
"S4","Cell1","Model",3,3958.4,0.731197885640885,0.3278353691753,250.426052913504,0.00192812255128023,0.0133657531162584,0.000880189459749613,0.510738946481776
"S4","Cell3","Model",5,502.7,1.41401820231437,0.190503110105912,293.285195450274,0.00377022835974459,0.0320345632737363,0.000386722769874426,0.163537248122877
"S4","Cell5","Model",2,942.5,0.0653162794103211,0.138451063545991,103.986989597226,0.000406485852422249,0.0015006351292069,0.000135659852202304,0.166138607939867
"S4","Cell6","Model",2,2650.7,0.0808964082668704,0.107408547955009,43.8164555843693,0.000250969830309588,0.00121197317372054,0.000449532375821403,0.0799195907253549
"S4","Cell7","Model",5,4743.8,0.114795750875522,0.12952839502205,75.3568653726163,0.000299526424637823,0.0020843417715131,0.000391180598173979,0.0563161946605336
"S4","Cell8","Model",4,1731.8,0.28831802264345,0.241317648865515,77.976038030475,0.000422179273840659,0.00271044073968271,0.000337082102388293,0.168935819995894
"S4","Cell9","Model",4,2902,0.0884271751026997,0.246583198826158,72.4029687117631,0.000338227669452413,0.00122652134160827,0.00018701940332681,0.0846574831339105
"S4","Cell10","Model",5,628.3,0.308194454066353,0.155906644394626,258.640994957197,0.000899771897243793,0.00485225484689945,0.000675684700698654,0.299490924175677
"S4","Cell12","Model",4,2403.3,0.0661271421470279,0.250317527560607,129.284348734535,0.000245608365259754,0.00118643705506167,0.000515290669330704,0.158898343911388
"S4","Cell14","Model",2,2324.8,1.55254725662935,1.8131156668813,676.833048002817,0.00219867452964504,0.0185765738744514,0.00103296641979027,0.932134466662039
"S4","Cell15","Model",3,2010.6,0.570270588642815,0.188667487959576,40.8504302364918,0.000658847612957957,0.00305154287253914,0.000447107487321585,0.308726104283353
"S4","Cell18","Model",2,590.6,1.64170462594913,0.169749760491074,114.781923200908,0.00099517249997264,0.0410199672732734,0.00231291029289992,0.0531202413136536
"S4","Cell20","Model",5,981.7,1.034735687138,0.118476799688547,116.401445178346,0.00193392180279485,0.0162722644701341,0.000278552115725051,0.111815753302699
"S4","Cell21","Model",2,1068.1,0.637960929592274,0.521453007682707,521.625886085662,0.00117702727596018,0.00844840737442792,0.000786116401140885,0.276444573683621
"S4","Cell24","Model",2,1872.4,0.484220022745601,0.629358350815306,84.3487214491259,0.00110152443926868,0.0054778499445514,0.000424878908295072,0.157398264944651
"S4","Cell26","Model",3,2475.6,0.337656434630081,0.118347211714373,144.337308783475,0.000474978620356414,0.0160238458816158,0.000479408786359674,0.194750671371201
"S4","Cell27","Model",4,16925.3,0.14302361167135,0.233678339201029,111.07387963324,0.000375913435089527,0.00234448498467747,0.000392123517385952,0.110137484172515
"S4","Cell28","Model",3,3722.8,0.102734592858851,0.298538062009661,124.893833572608,0.000326733374191686,0.00211188849117247,0.00022431259153168,0.130351039145906
"S4","Cell29","Model",2,1837.8,0.553151270578757,1.26351708224073,64.3396097464187,0.000360508938229941,0.00116895216577903,0.000710011801069116,0.16663282705607
"S4","Cell31","Model",5,490.9,0.154105731596469,0.520956736543817,95.0156488808997,0.000300924593278227,0.0015980108092537,0.00023385074892139,0.191451044663392
"S4","Cell32","Model",2,1357.2,0.0971746334945522,0.183803979348421,91.2398081032601,0.000163998768958726,0.00124069800450612,0.000287936935801728,0.0944745872919461
"S4","Cell34","Model",4,6499.2,0.297490694552231,0.300908072174496,371.682392637059,0.000707887747661405,0.00517226360535655,0.000692061601296965,0.233382137196933
"S4","Cell35","Model",2,269.4,1.08661650390123,0.230776594471971,91.8191066198566,0.00725861699043052,0.483399542973174,0.00251766558741776,0.116526623960702
"S4","Cell37","Model",4,4732,0.168893844405404,0.398895703113835,78.0283130010264,0.000360842477916202,0.00139702079318634,0.000166926118619047,0.136666788374575
"S4","Cell39","Model",4,2368,0.358948341113292,0.589962753569703,58.1538798753661,0.000359784747459559,0.00198381332184132,0.000335874798411621,0.189379030696495
"S4","Cell40","Model",3,502.7,1.65272691480689,0.278395911426454,294.887865151722,0.00595657268272828,0.307715547050725,0.000768582446737357,0.110747145787997
"S4","Cell41","Model",4,3707.1,0.361767861405544,0.651704805612878,109.739149716291,0.000499748193840398,0.00418124616669188,0.000326467207095658,0.201186452323732
"S4","Cell42","Model",4,1704.3,0.980340716198263,0.198759520261099,373.980857814027,0.00200387998149356,0.0205140338994877,0.000930852474225902,0.313958540292498
"S4","Cell45","Model",5,301.6,1.31568895586848,0.151786320867774,168.522213581736,0.00378498326899139,0.016726255609336,0.000999861053808056,0.167135237161812
"S4","Cell46","Model",4,5654.9,0.0281552239307114,0.085240015397555,67.445777760412,0.000118025365136939,0.000668135169806841,0.000243844568787285,0.0817525279456051
"S4","Cell47","Model",4,2843.1,0.151638652152317,0.224235662483299,103.908645934096,0.00022035285559082,0.00227217787815493,0.000133585583636661,0.0706475163892614
"S4","Cell49","Model",2,1005.3,0.155051073188016,0.0920822491711624,143.052310375868,0.000512355093888945,0.00345295690315834,0.00109922284620223,0.175338591011234
"S4","Cell50","Model",3,2472.4,1.01557575899868,0.245118580026503,169.921416563738,0.00103985691048824,0.0113035668235756,0,0.071717869488004
"S4","Cell51","Model",4,785.4,0.105277062152559,0.0923406677653159,62.8235655474679,7.71147892812116e-05,0.00114802553697723,0.000160629700053121,0.0639646133664675
"S4","Cell52","Model",4,785.4,0.0826583971090893,0.247761130233654,130.987416118926,0.000322787603114139,0.0017538494160249,0.000397809241029179,0.0824310513657963
"S4","Cell53","Model",2,1256.6,0.0636522945004716,0.0926169684536167,121.23541273991,0.00031907065375734,0.00158583936248433,0.000354402378513743,0.116306835126787
"S4","Cell54","Model",2,603.2,1.2539794113136,0.242082675942085,485.279883425799,0.000417066516756416,0.0139386536923335,0.00223754676273853,0.100299761456818
"S4","Cell56","Model",4,1131,0.393933264447656,0.36999306583165,101.301892612283,0.000226454159259101,0.00225901576611377,0.000142838654181189,0.0916715221642109
"S4","Cell58","Model",5,785.4,1.31793715349351,0.132595077936659,75.733638616068,0.000994922594220667,0.0178926052257998,0.000373308206791825,0.115487076953477
"S5","Cell1","Model",5,628.3,6.15334227654709,0.889830761288464,325.174079743429,0.0020673095146475,0.0179034946579985,0.000701859274589818,0.00936501957429499
"S5","Cell5","Model",3,3958.4,3.00936287072955,0.762760753356723,118.382356296892,0.000178622847165558,0.00416140272071376,0.000239881168956002,0.00294369425633495
"S5","Cell6","Model",4,5301.4,0.824206748485031,0.229825744391882,131.444139074928,0.000109870871900266,0.00325452954324282,0.000288603024630064,0.00155036266773085
"S5","Cell7","Model",4,6118.3,4.88380047229341,0.572793931222293,221.21667464534,0.000195031943417403,0.00644735043251422,0.000360110577653453,0.00233705456774655
"S5","Cell12","Model",4,5353.3,5.99720285943857,1.51800607252503,34.900302511563,0.000147323161893469,0.00311052063689543,0.000392293528207095,0.00790628638533643
"S5","Cell15","Model",4,8482.3,1.56608719193786,0.45829048513474,128.553852376223,0.00019479192818672,0.00549928753005116,0.000355765329220699,0.00348311368781344
"S5","Cell17","Model",5,754,1.86789901922573,0.109479819441795,152.339096815649,0.00227740254312795,0.0244019535105511,0.000409906683885618,0.00501282253844092
"S5","Cell19","Model",2,1991,379.626862369856,98.5159423996764,16.2384072713198,0.00233649308031394,0.0198479348161795,0.00166141750452718,0.190880786373229
"S5","Cell24","Model",5,565.5,2.13455104254212,0.135830701072604,29.0925185247244,0.00310369667757218,0.0219907793517232,0.00046376538905846,0.0141287763913345
"S5","Cell26","Model",3,2287.1,2.0714069343289,0.379568130142606,88.571537296704,7.76574173171059e-05,0.00647973470241406,0.000187326758499318,0.00426214341167238
"S5","Cell27","Model",4,2650.7,5.27160686304091,1.53559361066114,174.366440911675,0.000161073723168283,0.00513289643976463,0.00019954389479376,0.00917910808376132
"S5","Cell30","Model",5,628.3,8.80144862210718,1.70273956445857,474.528291626113,0.000371325798707985,0.0100857735273891,0.000926559666867857,0.0073793420945479
"S5","Cell31","Model",4,3015.9,5.35394611012289,1.40646410765612,323.675839784667,0.000442484243629107,0.0100224963940878,3.51599631996287e-05,0.00789772272687021
"S5","Cell32","Model",3,6432.4,2.85863049579405,0.424715324513484,139.196687619726,0.000278742503389411,0.00418121528097318,0.000298347161729453,0.00596568806866943
"S5","Cell35","Model",4,2626.4,1.74383916408797,0.407793685287239,132.70329028126,0.000172974341678788,0.0028046861315949,0.000420486513500032,0.00263432123179325
"S5","Cell36","Model",4,1131,9.06893335092613,2.19560160401199,67.5829106542167,0.00020820444365395,0.0023248542683615,0.000240456772907616,0.00407587058040054
"S5","Cell37","Model",5,1256.6,9.41845593942942,1.02211547729376,406.939112992159,0.00198933419204486,0.0293482219938452,0.000750844935565744,0.013616556184723
"S5","Cell38","Model",2,402.1,5.67609540228267,1.25678155401513,467.791971223047,0.00077679315198076,0.0171380754258059,0.000285818045714042,0.0557049789532009
"S5","Cell39","Model",4,3000.2,2.65450271234565,0.332553957133455,329.723392873761,0.00071476246492468,0.00645509320447478,0.000183546925290991,0.00445790472711838
"S5","Cell40","Model",5,691.2,50.5133313394306,6.0059015660646,669.440684843127,0.000836852636924534,0.0474272076286277,0.00152974081480805,0.031735314450199
"S6","Cell1","Model",2,1413.7,3.01692520810766,0.687387753789795,420.879247694781,0.000648826847547342,0.0148914094615366,0.000649550295221137,0.01259244670304
"S6","Cell4","Model",2,1935.2,1.46663932911225,0.18019142468158,34.1836941777835,0.00155664989771307,0.0497499215016503,0.000661561499285185,0.0115464646250608
"S6","Cell5","Model",2,754,2.77297549945051,0.232532701665682,162.610980103594,0.00202502841086915,0.0168288227142358,0,0.0133172287542105
"S6","Cell7","Model",2,502.7,3.44820797830526,0.749928149940469,20.9079787512677,0.0012827130541867,0.0218697935031432,0.00143760225792427,0.0234616245265537
"S6","Cell8","Model",2,816.8,0.460180377510854,0.162251125871778,52.6600744919766,3.95309590440679e-05,0.0012432046142309,0.000162300311016073,0.00143496357451492
"S6","Cell9","Model",5,1633.6,6.50721150247575,0.590255033985073,164.756934507337,0.000481637675318298,0.0195849839603321,0.000457694155077066,0.0143018444831451
"S6","Cell14","Model",2,3091.3,2.15908804653092,0.506897276448223,99.8714025087448,0.000360754928907453,0.00481541548422511,0.000180410831151489,0.00442754170422552
"S6","Cell19","Model",4,392.7,0.212322793777654,0.113185591781191,60.209563208389,8.75919026762104e-05,0.00170834257046646,0.000444025825574378,0.000708141406629003
"S6","Cell22","Model",4,7351.3,0.532795792114927,0.145721041869874,146.813085401386,0.000146015838628333,0.00203089835723371,0.000196752340952947,0.00207407800455359
"S6","Cell23","Model",2,1947.8,1.55827645087579,0.512737321997513,875.881138233715,0.000570272291870288,0.0134650267528674,0.00129503119892711,0.0119674852597448
"S6","Cell25","Model",5,1017.9,1.65818085922067,0.743741641397103,644.338839293646,0.000561081919634189,0.015364941734024,0.000613901558020743,0.00958222309314744
"S6","Cell26","Model",2,1947.8,0.92813636956166,0.231577531748392,164.556573963907,0.000205384219123739,0.00493968082375761,0.00020230545526376,0.00324221024104823
"S6","Cell28","Model",4,7604.2,0.460112650893288,0.136688057780327,117.697312439186,8.00597158030179e-05,0.00292286274203657,0.000265716796538221,0.00182788811415974
"S6","Cell29","Model",4,6130.8,0.257413709740326,0.0842478285697107,50.5578027251806,9.28888510755466e-05,0.00217246707610609,0.000126091705969592,0.00189160233839798
"S6","Cell30","Model",2,452.4,0.201669818276851,0.102344273052417,84.0528524891492,3.73364643284772e-05,0.000624250838345344,0.000174120916335681,0.000937587001759353
"S6","Cell31","Model",4,785.4,1.00615989637602,0.261310167373964,216.872631255438,0.000248870798418457,0.0156590678533385,0.000500328844349921,0.0157368849074027
"S6","Cell32","Model",2,1809.6,0.47766318457163,0.274580568216145,76.8874921848141,6.22419136994973e-05,0.00332927036428442,0.000401556148337685,0.000277510752336782
"S6","Cell33","Model",4,4253.7,1.7621736675765,0.54964798886679,1064.62618406317,0.00111534712219413,0.00941195738299835,0.000577850371451917,0.00374871762166638
"S6","Cell34","Model",5,754,1.62986936910036,0.327078409566104,176.273341767908,0.000811361019466234,0.00985080522458345,0.000566652768548515,0.00549589291927974
"S6","Cell35","Model",4,3078.8,2.17022241525195,0.397165285433527,183.151367548324,0.00156967725117213,0.0224375943855733,0.0004583104264472,0.00771658879165233
"S6","Cell36","Model",4,19635,0.775305840772018,0.192595332910243,71.1879217063287,0.000317257251702222,0.0177918756392655,0.000613879582309969,0.00406189329782631
"S6","Cell37","Model",2,538.8,0.139915442274347,0.0625274793396769,54.3052402598211,6.4133640451354e-05,0.00469491281102945,0.000252866681541304,0.00102752519493152
"S6","Cell39","Model",2,1570.8,1.7620571561265,0.427982775775391,366.75719025518,0.000230353904850896,0.00455319798254694,0.000219903492579752,0.00360025780617283
"S6","Cell40","Model",4,2419,1.19006691587682,0.485292396517247,272.04814548383,0.000155704660470986,0.00631616049425043,0.000550471702820728,0.00838010490576186
"S6","Cell42","Model",4,2010.6,1.6998781559008,4.72320516504188,32.1248713943201,0.00239417842803596,0.0381530704601053,0.000530991229261633,0.00222423300292337
"S6","Cell43","Model",3,911.1,0.271972491523177,0.245277614226809,16.8231725704992,0.000198018369252941,0.00250608379672607,0.000257279323132957,0.00190396860297973
"S6","Cell44","Model",2,1068.1,0.505606627012079,0.171804247877166,138.638005040679,0.000109937632710002,0.00267573796239916,0.000163407331214207,0.00290036815109984
"S6","Cell45","Model",2,502.7,1.98199095312527,0.437846463521433,487.675601609038,0.000167382861393462,0.0134221077834898,0.000311999859414663,0.00694857915702119
"S6","Cell46","Model",2,1068.1,1.56288866475036,0.142395531422906,52.237454887233,0.00132166438955374,0.0142691139372725,0.000121797874422945,0.00713088468578402
"S6","Cell49","Model",4,1545.7,1.05883327025843,0.0973711704684202,104.224402646014,0.00184369980897371,0.0143242020278465,0,0.00452313071551816
"S6","Cell51","Model",4,2010.6,0.478033689812274,0.232854899008728,196.782370171958,6.28505822820046e-05,0.00281610024143771,0.000331706821993535,0.00226034334747484
"S6","Cell52","Model",5,628.3,2.36572307206942,3.51703910673464,580.464143821568,0.00115830178404064,0.0374283254373363,0.00067892245040248,0.0281657831530295
"S6","Cell53","Model",4,2048.3,0.234852178977476,0.0628179582825747,75.8851853041497,6.71472079728867e-05,0.00143745839330725,9.92439171285691e-05,0.00172807530911132
"S6","Cell54","Model",2,5089.4,0.196435249436283,0.0876561559406363,70.0232987464129,8.03458324382676e-05,0.000901160603296853,7.6251340272655e-05,0.000665875586790943
"S6","Cell56","Model",2,766.5,4.40771286890334,0.844963883366981,638.726345398981,0.00145069722362015,0.0345169664708895,0.000118002330219991,0.0194551246697449
"S6","Cell57","Model",4,1797,1.10002633197228,0.153152148064008,49.6974667906447,0.000205396671669594,0.00736688980257792,0.000509775071916566,0.00092462013708549
"S6","Cell58","Model",2,603.2,0.586981577470558,0.159185842880358,203.298491299166,8.14816768899915e-05,0.00393802014390555,0.000172495649190755,0.00117797115555577
"S6","Cell59","Model",3,1382.3,1.88933455981707,0.263321811898481,212.847638593451,0.00189880097357573,0.0162850761022839,0,0.0040245508371234
"S6","Cell62","Model",4,1570.8,0.299791083128322,0.131404931675762,68.6665927326536,3.49235906587272e-05,0.00215638310032491,0.000339472839156875,0.00163888341307756
